date,symbol,side,order_place_time,order_type,order_price,fill_time,entry_price,ref_low_24h,ref_high_24h,ref_mid_24h,stop,take_profit,exit_time,exit_price,exit_reason,pnl,equity_after
2024-12-31,XAUUSD,LONG,2024-12-31 04:30:00+00:00,MARKET,2605.098,2024-12-31 04:30:00+00:00,2605.098,2595.905,2624.515,2610.21,2595.905,2632.676999999999,2024-12-31 16:00:00+00:00,2623.814,FORCE_EXIT,18.715999999999894,118.7159999999999
2025-01-03,XAUUSD,LONG,2025-01-03 04:30:00+00:00,LIMIT,2648.0215,2025-01-03 13:20:00+00:00,2648.0215,2630.858,2665.185,2648.0215,2630.858,2699.511999999999,2025-01-03 16:00:00+00:00,2646.548,FORCE_EXIT,-1.4735000000000582,117.24249999999984
2025-01-06,XAUUSD,SHORT,2025-01-06 04:30:00+00:00,LIMIT,2641.11,2025-01-06 11:20:00+00:00,2641.11,2634.945,2647.275,2641.11,2647.275,2622.6150000000002,2025-01-06 11:30:00+00:00,2647.275,STOP,-6.164999999999964,111.07749999999987
2025-01-07,XAUUSD,SHORT,2025-01-07 04:30:00+00:00,MARKET,2637.774,2025-01-07 04:30:00+00:00,2637.774,2614.365,2649.305,2631.835,2649.305,2603.181,2025-01-07 12:05:00+00:00,2649.305,STOP,-11.530999999999949,99.54649999999992
2025-01-08,XAUUSD,SHORT,2025-01-08 04:30:00+00:00,LIMIT,2650.4764999999998,2025-01-08 05:45:00+00:00,2650.4764999999998,2636.855,2664.098,2650.4764999999998,2664.098,2609.611999999999,2025-01-08 14:10:00+00:00,2664.098,STOP,-13.621500000000196,85.92499999999973
2025-01-09,XAUUSD,LONG,2025-01-09 04:30:00+00:00,MARKET,2656.675,2025-01-09 04:30:00+00:00,2656.675,2645.095,2669.844,2657.4695,2645.095,2691.4150000000013,2025-01-09 16:00:00+00:00,2668.455,FORCE_EXIT,11.779999999999745,97.70499999999947
2025-01-10,XAUUSD,LONG,2025-01-10 04:30:00+00:00,LIMIT,2666.85,2025-01-10 13:30:00+00:00,2666.85,2655.305,2678.395,2666.85,2655.305,2701.485,2025-01-10 16:00:00+00:00,2688.688,FORCE_EXIT,21.838000000000193,119.54299999999967
2025-01-13,XAUUSD,LONG,2025-01-13 04:30:00+00:00,LIMIT,2686.1949999999997,2025-01-13 04:30:00+00:00,2686.1949999999997,2679.145,2693.245,2686.1949999999997,2679.145,2707.344999999999,2025-01-13 10:00:00+00:00,2679.145,STOP,-7.049999999999727,112.49299999999994
2025-01-14,XAUUSD,LONG,2025-01-14 04:30:00+00:00,MARKET,2669.715,2025-01-14 04:30:00+00:00,2669.715,2656.615,2691.235,2673.925,2656.615,2709.0150000000012,2025-01-14 16:00:00+00:00,2671.475,FORCE_EXIT,1.7599999999997635,114.2529999999997
2025-01-15,XAUUSD,SHORT,2025-01-15 04:30:00+00:00,MARKET,2675.298,2025-01-15 04:30:00+00:00,2675.298,2659.645,2679.198,2669.4215,2679.198,2663.5979999999995,2025-01-15 06:00:00+00:00,2679.198,STOP,-3.900000000000091,110.35299999999961
2025-01-17,XAUUSD,LONG,2025-01-17 04:30:00+00:00,LIMIT,2707.145,2025-01-17 09:25:00+00:00,2707.145,2689.725,2724.565,2707.145,2689.725,2759.405,2025-01-17 16:00:00+00:00,2715.525,FORCE_EXIT,8.38000000000011,118.73299999999972
2025-01-20,XAUUSD,SHORT,2025-01-20 04:30:00+00:00,MARKET,2702.645,2025-01-20 04:30:00+00:00,2702.645,2689.308,2704.355,2696.8315000000002,2704.355,2697.515,2025-01-20 04:35:00+00:00,2704.355,STOP,-1.7100000000000364,117.02299999999968
2025-01-21,XAUUSD,SHORT,2025-01-21 04:30:00+00:00,MARKET,2726.839,2025-01-21 04:30:00+00:00,2726.839,2701.498,2726.895,2714.1965,2726.895,2726.671,2025-01-21 04:30:00+00:00,2726.895,STOP,-0.05600000000004002,116.96699999999964
2025-01-23,XAUUSD,SHORT,2025-01-23 04:30:00+00:00,LIMIT,2754.315,2025-01-23 06:20:00+00:00,2754.315,2745.425,2763.205,2754.315,2763.205,2727.6450000000004,2025-01-23 16:00:00+00:00,2747.095,FORCE_EXIT,7.220000000000255,124.1869999999999
2025-01-24,XAUUSD,SHORT,2025-01-24 04:30:00+00:00,MARKET,2772.205,2025-01-24 04:30:00+00:00,2772.205,2735.665,2777.215,2756.44,2777.215,2757.1749999999993,2025-01-24 06:05:00+00:00,2777.215,STOP,-5.010000000000218,119.17699999999968
2025-01-27,XAUUSD,LONG,2025-01-27 04:30:00+00:00,MARKET,2758.015,2025-01-27 04:30:00+00:00,2758.015,2753.618,2772.415,2763.0164999999997,2753.618,2771.2059999999997,2025-01-27 05:40:00+00:00,2753.618,STOP,-4.3969999999999345,114.77999999999975
2025-01-28,XAUUSD,SHORT,2025-01-28 04:30:00+00:00,LIMIT,2751.192,2025-01-28 14:15:00+00:00,2751.192,2730.529,2771.855,2751.192,2771.855,2689.203,2025-01-28 16:00:00+00:00,2757.655,FORCE_EXIT,-6.463000000000193,108.31699999999955
2025-01-29,XAUUSD,SHORT,2025-01-29 04:30:00+00:00,MARKET,2763.475,2025-01-29 04:30:00+00:00,2763.475,2734.738,2765.985,2750.3615,2765.985,2755.9449999999993,2025-01-29 12:20:00+00:00,2755.9449999999993,TP,7.530000000000655,115.84700000000021
2025-02-03,XAUUSD,SHORT,2025-02-03 04:30:00+00:00,LIMIT,2787.5165,2025-02-03 06:30:00+00:00,2787.5165,2771.885,2803.148,2787.5165,2803.148,2740.6220000000003,2025-02-03 11:10:00+00:00,2803.148,STOP,-15.63149999999996,100.21550000000025
2025-02-06,XAUUSD,LONG,2025-02-06 04:30:00+00:00,LIMIT,2867.83,2025-02-06 05:10:00+00:00,2867.83,2853.445,2882.215,2867.83,2853.445,2910.984999999999,2025-02-06 08:20:00+00:00,2853.445,STOP,-14.384999999999764,85.83050000000048
2025-02-07,XAUUSD,SHORT,2025-02-07 04:30:00+00:00,MARKET,2868.348,2025-02-07 04:30:00+00:00,2868.348,2833.955,2871.235,2852.5950000000003,2871.235,2859.6869999999994,2025-02-07 06:50:00+00:00,2859.6869999999994,TP,8.661000000000513,94.491500000001
2025-02-10,XAUUSD,SHORT,2025-02-10 04:30:00+00:00,MARKET,2876.965,2025-02-10 04:30:00+00:00,2876.965,2854.448,2877.375,2865.9115,2877.375,2875.7350000000006,2025-02-10 04:30:00+00:00,2877.375,STOP,-0.4099999999998545,94.08150000000114
2025-02-11,XAUUSD,SHORT,2025-02-11 04:30:00+00:00,MARKET,2919.055,2025-02-11 04:30:00+00:00,2919.055,2875.785,2942.665,2909.225,2942.665,2848.2249999999995,2025-02-11 16:00:00+00:00,2904.165,FORCE_EXIT,14.889999999999873,108.97150000000101
2025-02-13,XAUUSD,SHORT,2025-02-13 04:30:00+00:00,MARKET,2917.415,2025-02-13 04:30:00+00:00,2917.415,2863.685,2918.475,2891.08,2918.475,2914.235,2025-02-13 04:35:00+00:00,2918.475,STOP,-1.0599999999999454,107.91150000000107
2025-02-14,XAUUSD,SHORT,2025-02-14 04:30:00+00:00,MARKET,2926.045,2025-02-14 04:30:00+00:00,2926.045,2905.548,2933.705,2919.6265,2933.705,2903.0650000000005,2025-02-14 06:35:00+00:00,2933.705,STOP,-7.6599999999998545,100.25150000000122
2025-02-17,XAUUSD,LONG,2025-02-17 04:30:00+00:00,LIMIT,2891.395,2025-02-17 06:05:00+00:00,2891.395,2878.015,2904.775,2891.395,2878.015,2931.5350000000003,2025-02-17 16:00:00+00:00,2900.045,FORCE_EXIT,8.650000000000091,108.9015000000013
2025-02-18,XAUUSD,SHORT,2025-02-18 04:30:00+00:00,MARKET,2908.905,2025-02-18 04:30:00+00:00,2908.905,2888.155,2910.675,2899.415,2910.675,2903.5950000000003,2025-02-18 04:55:00+00:00,2910.675,STOP,-1.7699999999999818,107.13150000000132
2025-02-19,XAUUSD,SHORT,2025-02-19 04:30:00+00:00,MARKET,2927.635,2025-02-19 04:30:00+00:00,2927.635,2906.915,2939.465,2923.19,2939.465,2892.1450000000004,2025-02-19 08:35:00+00:00,2939.465,STOP,-11.829999999999927,95.3015000000014
2025-02-20,XAUUSD,SHORT,2025-02-20 04:30:00+00:00,MARKET,2940.445,2025-02-20 04:30:00+00:00,2940.445,2918.365,2946.865,2932.615,2946.865,2921.1850000000013,2025-02-20 06:05:00+00:00,2946.865,STOP,-6.419999999999618,88.88150000000178
2025-02-24,XAUUSD,SHORT,2025-02-24 04:30:00+00:00,MARKET,2941.625,2025-02-24 04:30:00+00:00,2941.625,2921.055,2944.575,2932.8149999999996,2944.575,2932.7750000000005,2025-02-24 07:50:00+00:00,2944.575,STOP,-2.949999999999818,85.93150000000196
2025-02-25,XAUUSD,SHORT,2025-02-25 04:30:00+00:00,LIMIT,2943.31,2025-02-25 14:35:00+00:00,2943.31,2930.585,2956.035,2943.31,2956.035,2905.135,2025-02-25 15:30:00+00:00,2905.135,TP,38.17499999999973,124.10650000000169
2025-02-26,XAUUSD,LONG,2025-02-26 04:30:00+00:00,MARKET,2915.135,2025-02-26 04:30:00+00:00,2915.135,2888.085,2944.648,2916.3665,2888.085,2996.2850000000008,2025-02-26 16:00:00+00:00,2916.575,FORCE_EXIT,1.4399999999995998,125.54650000000129
2025-02-27,XAUUSD,LONG,2025-02-27 04:30:00+00:00,MARKET,2903.445,2025-02-27 04:30:00+00:00,2903.445,2890.588,2920.865,2905.7264999999998,2890.588,2942.016,2025-02-27 05:20:00+00:00,2890.588,STOP,-12.856999999999971,112.68950000000132
2025-02-28,XAUUSD,LONG,2025-02-28 04:30:00+00:00,MARKET,2859.625,2025-02-28 04:30:00+00:00,2859.625,2856.785,2903.495,2880.14,2856.785,2868.1450000000004,2025-02-28 08:00:00+00:00,2856.785,STOP,-2.8400000000001455,109.84950000000117
2025-03-03,XAUUSD,LONG,2025-03-03 04:30:00+00:00,MARKET,2864.305,2025-03-03 04:30:00+00:00,2864.305,2855.075,2876.905,2865.99,2855.075,2891.995,2025-03-03 16:00:00+00:00,2888.295,FORCE_EXIT,23.990000000000236,133.8395000000014
2025-03-05,XAUUSD,LONG,2025-03-05 04:30:00+00:00,LIMIT,2905.9350000000004,2025-03-05 13:40:00+00:00,2905.9350000000004,2884.155,2927.715,2905.9350000000004,2884.155,2971.275000000001,2025-03-05 16:00:00+00:00,2918.525,FORCE_EXIT,12.58999999999969,146.4295000000011
2025-03-06,XAUUSD,LONG,2025-03-06 04:30:00+00:00,LIMIT,2911.9465,2025-03-06 07:35:00+00:00,2911.9465,2894.145,2929.748,2911.9465,2894.145,2965.351,2025-03-06 09:50:00+00:00,2894.145,STOP,-17.801500000000033,128.62800000000107
2025-03-07,XAUUSD,SHORT,2025-03-07 04:30:00+00:00,LIMIT,2906.855,2025-03-07 04:30:00+00:00,2906.855,2890.815,2922.895,2906.855,2922.895,2858.735,2025-03-07 13:35:00+00:00,2922.895,STOP,-16.039999999999964,112.5880000000011
2025-03-10,XAUUSD,LONG,2025-03-10 04:30:00+00:00,MARKET,2911.365,2025-03-10 04:30:00+00:00,2911.365,2907.975,2918.125,2913.05,2907.975,2921.5349999999994,2025-03-10 05:20:00+00:00,2907.975,STOP,-3.3899999999998727,109.19800000000123
2025-03-11,XAUUSD,LONG,2025-03-11 04:30:00+00:00,MARKET,2897.395,2025-03-11 04:30:00+00:00,2897.395,2879.935,2915.275,2897.605,2879.935,2949.775,2025-03-11 16:00:00+00:00,2917.215,FORCE_EXIT,19.820000000000164,129.0180000000014
2025-03-12,XAUUSD,LONG,2025-03-12 04:30:00+00:00,LIMIT,2907.2264999999998,2025-03-12 13:20:00+00:00,2907.2264999999998,2892.405,2922.048,2907.2264999999998,2892.405,2951.6909999999984,2025-03-12 16:00:00+00:00,2928.078,FORCE_EXIT,20.851500000000215,149.8695000000016
2025-03-14,XAUUSD,SHORT,2025-03-14 04:30:00+00:00,MARKET,2991.238,2025-03-14 04:30:00+00:00,2991.238,2932.768,2993.835,2963.3015,2993.835,2983.446999999999,2025-03-14 05:25:00+00:00,2983.446999999999,TP,7.791000000000622,157.66050000000223
2025-03-17,XAUUSD,SHORT,2025-03-17 04:30:00+00:00,LIMIT,2988.4764999999998,2025-03-17 06:20:00+00:00,2988.4764999999998,2983.048,2993.905,2988.4764999999998,2993.905,2972.1909999999984,2025-03-17 09:35:00+00:00,2993.905,STOP,-5.42850000000044,152.2320000000018
2025-03-18,XAUUSD,SHORT,2025-03-18 04:30:00+00:00,MARKET,3013.415,2025-03-18 04:30:00+00:00,3013.415,2981.975,3014.855,2998.415,3014.855,3009.095,2025-03-18 04:35:00+00:00,3014.855,STOP,-1.4400000000000546,150.79200000000174
2025-03-19,XAUUSD,LONG,2025-03-19 04:30:00+00:00,LIMIT,3022.3215,2025-03-19 09:05:00+00:00,3022.3215,3005.848,3038.795,3022.3215,3005.848,3071.742,2025-03-19 16:00:00+00:00,3034.325,FORCE_EXIT,12.003499999999804,162.79550000000154
2025-03-20,XAUUSD,SHORT,2025-03-20 04:30:00+00:00,MARKET,3053.225,2025-03-20 04:30:00+00:00,3053.225,3022.315,3056.155,3039.235,3056.155,3044.434999999999,2025-03-20 04:40:00+00:00,3056.155,STOP,-2.930000000000291,159.86550000000125
2025-03-21,XAUUSD,LONG,2025-03-21 04:30:00+00:00,MARKET,3030.298,2025-03-21 04:30:00+00:00,3030.298,3025.428,3057.245,3041.3365,3025.428,3044.9079999999994,2025-03-21 05:40:00+00:00,3025.428,STOP,-4.869999999999891,154.99550000000136
2025-03-24,XAUUSD,LONG,2025-03-24 04:30:00+00:00,MARKET,3017.815,2025-03-24 04:30:00+00:00,3017.815,3013.475,3026.045,3019.76,3013.475,3030.8350000000005,2025-03-24 09:10:00+00:00,3030.8350000000005,TP,13.020000000000437,168.0155000000018
2025-03-25,XAUUSD,SHORT,2025-03-25 04:30:00+00:00,LIMIT,3017.6400000000003,2025-03-25 05:10:00+00:00,3017.6400000000003,3002.145,3033.135,3017.6400000000003,3033.135,2971.1550000000007,2025-03-25 14:00:00+00:00,3033.135,STOP,-15.49499999999989,152.5205000000019
2025-03-26,XAUUSD,SHORT,2025-03-26 04:30:00+00:00,LIMIT,3023.0615,2025-03-26 05:55:00+00:00,3023.0615,3010.218,3035.905,3023.0615,3035.905,2984.5309999999986,2025-03-26 16:00:00+00:00,3016.805,FORCE_EXIT,6.25649999999996,158.77700000000186
2025-03-27,XAUUSD,SHORT,2025-03-27 04:30:00+00:00,MARKET,3036.975,2025-03-27 04:30:00+00:00,3036.975,3012.125,3037.325,3024.725,3037.325,3035.925,2025-03-27 04:30:00+00:00,3037.325,STOP,-0.34999999999990905,158.42700000000195
2025-03-28,XAUUSD,SHORT,2025-03-28 04:30:00+00:00,MARKET,3073.725,2025-03-28 04:30:00+00:00,3073.725,3026.535,3077.365,3051.95,3077.365,3062.8050000000003,2025-03-28 05:30:00+00:00,3077.365,STOP,-3.6399999999998727,154.78700000000208
2025-03-31,XAUUSD,SHORT,2025-03-31 04:30:00+01:00,MARKET,3107.848,2025-03-31 04:30:00+01:00,3107.848,3076.485,3111.575,3094.0299999999997,3111.575,3096.6670000000004,2025-03-31 05:30:00+01:00,3111.575,STOP,-3.7269999999998618,151.06000000000222
2025-04-01,XAUUSD,SHORT,2025-04-01 04:30:00+01:00,MARKET,3144.665,2025-04-01 04:30:00+01:00,3144.665,3099.685,3145.435,3122.56,3145.435,3142.355,2025-04-01 04:35:00+01:00,3145.435,STOP,-0.7699999999999818,150.29000000000224
2025-04-02,XAUUSD,LONG,2025-04-02 04:30:00+01:00,LIMIT,3124.75,2025-04-02 04:55:00+01:00,3124.75,3100.665,3148.835,3124.75,3100.665,3197.005,2025-04-02 16:00:00+01:00,3127.275,FORCE_EXIT,2.525000000000091,152.81500000000233
2025-04-03,XAUUSD,LONG,2025-04-03 04:30:00+01:00,LIMIT,3135.8615,2025-04-03 06:10:00+01:00,3135.8615,3104.175,3167.548,3135.8615,3104.175,3230.9209999999994,2025-04-03 11:30:00+01:00,3104.175,STOP,-31.686499999999796,121.12850000000253
2025-04-04,XAUUSD,LONG,2025-04-04 04:30:00+01:00,MARKET,3093.175,2025-04-04 04:30:00+01:00,3093.175,3053.935,3150.045,3101.99,3053.935,3210.895000000001,2025-04-04 15:00:00+01:00,3053.935,STOP,-39.24000000000024,81.8885000000023
2025-04-07,XAUUSD,LONG,2025-04-07 04:30:00+01:00,LIMIT,3012.7425,2025-04-07 14:35:00+01:00,3012.7425,2970.305,3055.18,3012.7425,2970.305,3140.055,2025-04-07 16:00:00+01:00,3000.135,FORCE_EXIT,-12.607499999999618,69.28100000000268
2025-04-08,XAUUSD,LONG,2025-04-08 04:30:00+01:00,MARKET,2995.015,2025-04-08 04:30:00+01:00,2995.015,2956.125,3045.965,3001.045,2956.125,3111.6849999999995,2025-04-08 16:00:00+01:00,3005.705,FORCE_EXIT,10.690000000000055,79.97100000000273
2025-04-09,XAUUSD,SHORT,2025-04-09 04:30:00+01:00,MARKET,3008.065,2025-04-09 04:30:00+01:00,3008.065,2969.605,3022.485,2996.045,3022.485,2964.805,2025-04-09 07:05:00+01:00,3022.485,STOP,-14.420000000000073,65.55100000000266
2025-04-10,XAUUSD,SHORT,2025-04-10 04:30:00+01:00,MARKET,3123.555,2025-04-10 04:30:00+01:00,3123.555,2998.695,3131.615,3065.1549999999997,3131.615,3099.375,2025-04-10 06:05:00+01:00,3131.615,STOP,-8.059999999999945,57.491000000002714
2025-04-14,XAUUSD,SHORT,2025-04-14 04:30:00+01:00,MARKET,3232.475,2025-04-14 04:30:00+01:00,3232.475,3209.205,3245.515,3227.3599999999997,3245.515,3193.355,2025-04-14 14:15:00+01:00,3193.355,TP,39.11999999999989,96.6110000000026
2025-04-15,XAUUSD,LONG,2025-04-15 04:30:00+01:00,LIMIT,3215.525,2025-04-15 13:25:00+01:00,3215.525,3193.315,3237.735,3215.525,3193.315,3282.155,2025-04-15 16:00:00+01:00,3218.575,FORCE_EXIT,3.049999999999727,99.66100000000233
2025-04-16,XAUUSD,SHORT,2025-04-16 04:30:00+01:00,MARKET,3275.735,2025-04-16 04:30:00+01:00,3275.735,3211.385,3276.345,3243.865,3276.345,3273.905000000001,2025-04-16 04:30:00+01:00,3276.345,STOP,-0.6099999999996726,99.05100000000266
2025-04-17,XAUUSD,LONG,2025-04-17 04:30:00+01:00,LIMIT,3313.175,2025-04-17 09:35:00+01:00,3313.175,3268.895,3357.455,3313.175,3268.895,3446.015000000001,2025-04-17 16:00:00+01:00,3295.635,FORCE_EXIT,-17.539999999999964,81.5110000000027
2025-04-22,XAUUSD,LONG,2025-04-22 04:30:00+01:00,LIMIT,3428.91,2025-04-22 13:50:00+01:00,3428.91,3368.845,3488.975,3428.91,3368.845,3609.105,2025-04-22 16:00:00+01:00,3428.445,FORCE_EXIT,-0.46499999999969077,81.046000000003
2025-04-24,XAUUSD,LONG,2025-04-24 04:30:00+01:00,LIMIT,3313.25,2025-04-24 14:50:00+01:00,3313.25,3259.485,3367.015,3313.25,3259.485,3474.5449999999996,2025-04-24 16:00:00+01:00,3322.305,FORCE_EXIT,9.054999999999836,90.10100000000284
2025-04-25,XAUUSD,SHORT,2025-04-25 04:30:00+01:00,MARKET,3348.545,2025-04-25 04:30:00+01:00,3348.545,3306.245,3370.065,3338.1549999999997,3370.065,3283.985,2025-04-25 14:00:00+01:00,3283.985,TP,64.55999999999995,154.6610000000028
2025-04-28,XAUUSD,SHORT,2025-04-28 04:30:00+01:00,LIMIT,3301.88,2025-04-28 13:25:00+01:00,3301.88,3267.765,3335.995,3301.88,3335.995,3199.5350000000008,2025-04-28 16:00:00+01:00,3323.945,FORCE_EXIT,-22.065000000000055,132.59600000000273
2025-04-29,XAUUSD,LONG,2025-04-29 04:30:00+01:00,MARKET,3312.355,2025-04-29 04:30:00+01:00,3312.355,3273.065,3352.835,3312.95,3273.065,3430.225,2025-04-29 16:00:00+01:00,3313.505,FORCE_EXIT,1.150000000000091,133.74600000000282
2025-04-30,XAUUSD,LONG,2025-04-30 04:30:00+01:00,MARKET,3308.575,2025-04-30 04:30:00+01:00,3308.575,3299.325,3329.725,3314.5249999999996,3299.325,3336.325,2025-04-30 09:10:00+01:00,3299.325,STOP,-9.25,124.49600000000282
2025-05-05,XAUUSD,LONG,2025-05-05 04:30:00+01:00,LIMIT,3254.475,2025-05-05 04:40:00+01:00,3254.475,3236.745,3272.205,3254.475,3236.745,3307.665,2025-05-05 10:55:00+01:00,3307.665,TP,53.190000000000055,177.68600000000288
2025-05-07,XAUUSD,LONG,2025-05-07 04:30:00+01:00,MARKET,3374.185,2025-05-07 04:30:00+01:00,3374.185,3349.745,3437.655,3393.7,3349.745,3447.505,2025-05-07 16:00:00+01:00,3385.865,FORCE_EXIT,11.679999999999836,189.3660000000027
2025-05-08,XAUUSD,SHORT,2025-05-08 04:30:00+01:00,MARKET,3398.385,2025-05-08 04:30:00+01:00,3398.385,3363.035,3414.705,3388.87,3414.705,3349.425000000001,2025-05-08 07:10:00+01:00,3349.425000000001,TP,48.95999999999913,238.32600000000184
2025-05-09,XAUUSD,SHORT,2025-05-09 04:30:00+01:00,LIMIT,3337.74,2025-05-09 12:25:00+01:00,3337.74,3274.295,3401.185,3337.74,3401.185,3147.4049999999993,2025-05-09 16:00:00+01:00,3338.695,FORCE_EXIT,-0.955000000000382,237.37100000000146
2025-05-12,XAUUSD,LONG,2025-05-12 04:30:00+01:00,MARKET,3280.975,2025-05-12 04:30:00+01:00,3280.975,3258.535,3327.205,3292.87,3258.535,3348.295,2025-05-12 08:00:00+01:00,3258.535,STOP,-22.440000000000055,214.9310000000014
2025-05-13,XAUUSD,LONG,2025-05-13 04:30:00+01:00,MARKET,3234.145,2025-05-13 04:30:00+01:00,3234.145,3207.495,3284.505,3246.0,3207.495,3314.0950000000003,2025-05-13 16:00:00+01:00,3245.165,FORCE_EXIT,11.019999999999982,225.9510000000014
2025-05-14,XAUUSD,LONG,2025-05-14 04:30:00+01:00,MARKET,3228.975,2025-05-14 04:30:00+01:00,3228.975,3225.145,3265.405,3245.275,3225.145,3240.4649999999997,2025-05-14 05:05:00+01:00,3225.145,STOP,-3.8299999999999272,222.12100000000146
2025-05-15,XAUUSD,SHORT,2025-05-15 04:30:00+01:00,LIMIT,3195.615,2025-05-15 14:15:00+01:00,3195.615,3147.735,3243.495,3195.615,3243.495,3051.9749999999995,2025-05-15 16:00:00+01:00,3206.155,FORCE_EXIT,-10.540000000000418,211.58100000000104
2025-05-16,XAUUSD,SHORT,2025-05-16 04:30:00+01:00,MARKET,3210.225,2025-05-16 04:30:00+01:00,3210.225,3120.205,3251.805,3186.005,3251.805,3085.485,2025-05-16 16:00:00+01:00,3175.005,FORCE_EXIT,35.2199999999998,246.80100000000084
2025-05-19,XAUUSD,SHORT,2025-05-19 04:30:00+01:00,MARKET,3225.355,2025-05-19 04:30:00+01:00,3225.355,3200.105,3249.505,3224.8050000000003,3249.505,3152.9049999999997,2025-05-19 16:00:00+01:00,3232.615,FORCE_EXIT,-7.2599999999997635,239.54100000000108
2025-05-20,XAUUSD,SHORT,2025-05-20 04:30:00+01:00,LIMIT,3226.245,2025-05-20 09:35:00+01:00,3226.245,3204.205,3248.285,3226.245,3248.285,3160.125,2025-05-20 13:35:00+01:00,3248.285,STOP,-22.039999999999964,217.5010000000011
2025-05-22,XAUUSD,SHORT,2025-05-22 04:30:00+01:00,MARKET,3339.898,2025-05-22 04:30:00+01:00,3339.898,3290.668,3345.198,3317.933,3345.198,3323.998000000001,2025-05-22 08:05:00+01:00,3323.998000000001,TP,15.899999999999181,233.4010000000003
2025-05-23,XAUUSD,SHORT,2025-05-23 04:30:00+01:00,LIMIT,3309.637,2025-05-23 05:15:00+01:00,3309.637,3278.789,3340.485,3309.637,3340.485,3217.0930000000003,2025-05-23 12:45:00+01:00,3340.485,STOP,-30.847999999999956,202.55300000000034
2025-05-26,XAUUSD,SHORT,2025-05-26 04:30:00+01:00,LIMIT,3345.558,2025-05-26 04:30:00+01:00,3345.558,3331.198,3359.918,3345.558,3359.918,3302.4779999999996,2025-05-26 16:00:00+01:00,3338.398,FORCE_EXIT,7.1599999999998545,209.7130000000002
2025-05-27,XAUUSD,LONG,2025-05-27 04:30:00+01:00,LIMIT,3337.423,2025-05-27 05:30:00+01:00,3337.423,3323.298,3351.548,3337.423,3323.298,3379.798,2025-05-27 06:45:00+01:00,3323.298,STOP,-14.125,195.5880000000002
2025-05-28,XAUUSD,SHORT,2025-05-28 04:30:00+01:00,LIMIT,3315.592,2025-05-28 08:40:00+01:00,3315.592,3284.159,3347.025,3315.592,3347.025,3221.293,2025-05-28 16:00:00+01:00,3297.615,FORCE_EXIT,17.977000000000317,213.5650000000005
2025-05-29,XAUUSD,LONG,2025-05-29 04:30:00+01:00,MARKET,3273.935,2025-05-29 04:30:00+01:00,3273.935,3245.198,3325.318,3285.258,3245.198,3360.146,2025-05-29 16:00:00+01:00,3314.415,FORCE_EXIT,40.48000000000002,254.04500000000053
2025-05-30,XAUUSD,LONG,2025-05-30 04:30:00+01:00,MARKET,3296.495,2025-05-30 04:30:00+01:00,3296.495,3265.848,3330.775,3298.3115,3265.848,3388.4359999999997,2025-05-30 16:00:00+01:00,3279.698,FORCE_EXIT,-16.797000000000025,237.2480000000005
2025-06-03,XAUUSD,SHORT,2025-06-03 04:30:00+01:00,MARKET,3364.698,2025-06-03 04:30:00+01:00,3364.698,3302.955,3391.935,3347.4449999999997,3391.935,3282.9869999999996,2025-06-03 16:00:00+01:00,3344.448,FORCE_EXIT,20.25,257.4980000000005
2025-06-04,XAUUSD,SHORT,2025-06-04 04:30:00+01:00,MARKET,3365.555,2025-06-04 04:30:00+01:00,3365.555,3332.575,3372.445,3352.51,3372.445,3344.884999999999,2025-06-04 12:25:00+01:00,3344.884999999999,TP,20.670000000000982,278.1680000000015
2025-06-05,XAUUSD,LONG,2025-06-05 04:30:00+01:00,LIMIT,3363.9714999999997,2025-06-05 05:15:00+01:00,3363.9714999999997,3343.448,3384.495,3363.9714999999997,3343.448,3425.541999999999,2025-06-05 16:00:00+01:00,3368.715,FORCE_EXIT,4.743500000000495,282.911500000002
2025-06-06,XAUUSD,SHORT,2025-06-06 04:30:00+01:00,LIMIT,3371.113,2025-06-06 04:55:00+01:00,3371.113,3339.048,3403.178,3371.113,3403.178,3274.9179999999997,2025-06-06 16:00:00+01:00,3324.765,FORCE_EXIT,46.347999999999956,329.25950000000194
2025-06-09,XAUUSD,LONG,2025-06-09 04:30:00+01:00,MARKET,3303.975,2025-06-09 04:30:00+01:00,3303.975,3293.198,3320.985,3307.0915,3293.198,3336.306,2025-06-09 16:00:00+01:00,3322.398,FORCE_EXIT,18.42300000000023,347.68250000000216
2025-06-10,XAUUSD,SHORT,2025-06-10 04:30:00+01:00,LIMIT,3319.8815,2025-06-10 07:10:00+01:00,3319.8815,3301.698,3338.065,3319.8815,3338.065,3265.3309999999997,2025-06-10 12:10:00+01:00,3338.065,STOP,-18.183500000000095,329.49900000000207
2025-06-11,XAUUSD,SHORT,2025-06-11 04:30:00+01:00,MARKET,3339.205,2025-06-11 04:30:00+01:00,3339.205,3302.645,3348.895,3325.77,3348.895,3310.1349999999998,2025-06-11 13:30:00+01:00,3348.895,STOP,-9.690000000000055,319.809000000002
2025-06-12,XAUUSD,LONG,2025-06-12 04:30:00+01:00,LIMIT,3348.4764999999998,2025-06-12 08:40:00+01:00,3348.4764999999998,3319.405,3377.548,3348.4764999999998,3319.405,3435.6909999999984,2025-06-12 16:00:00+01:00,3383.998,FORCE_EXIT,35.52150000000029,355.3305000000023
2025-06-13,XAUUSD,SHORT,2025-06-13 04:30:00+01:00,MARKET,3429.975,2025-06-13 04:30:00+01:00,3429.975,3338.385,3444.125,3391.255,3444.125,3387.5249999999996,2025-06-13 14:25:00+01:00,3444.125,STOP,-14.150000000000091,341.1805000000022
2025-06-17,XAUUSD,LONG,2025-06-17 04:30:00+01:00,MARKET,3385.345,2025-06-17 04:30:00+01:00,3385.345,3373.235,3436.895,3405.065,3373.235,3421.674999999999,2025-06-17 15:35:00+01:00,3373.235,STOP,-12.109999999999673,329.07050000000254
2025-06-18,XAUUSD,SHORT,2025-06-18 04:30:00+01:00,MARKET,3384.655,2025-06-18 04:30:00+01:00,3384.655,3365.835,3399.948,3382.8914999999997,3399.948,3338.776000000001,2025-06-18 16:00:00+01:00,3388.125,FORCE_EXIT,-3.4699999999998,325.60050000000274
2025-06-20,XAUUSD,SHORT,2025-06-20 04:30:00+01:00,LIMIT,3361.633,2025-06-20 14:30:00+01:00,3361.633,3344.375,3378.891,3361.633,3378.891,3309.858999999999,2025-06-20 16:00:00+01:00,3371.105,FORCE_EXIT,-9.472000000000207,316.12850000000253
2025-06-23,XAUUSD,SHORT,2025-06-23 04:30:00+01:00,LIMIT,3374.2065000000002,2025-06-23 12:10:00+01:00,3374.2065000000002,3351.765,3396.648,3374.2065000000002,3396.648,3306.8820000000005,2025-06-23 16:00:00+01:00,3385.655,FORCE_EXIT,-11.448499999999967,304.68000000000256
2025-06-24,XAUUSD,LONG,2025-06-24 04:30:00+01:00,MARKET,3352.625,2025-06-24 04:30:00+01:00,3352.625,3332.865,3393.348,3363.1065,3332.865,3411.9050000000007,2025-06-24 06:40:00+01:00,3332.865,STOP,-19.76000000000022,284.92000000000235
2025-06-25,XAUUSD,LONG,2025-06-25 04:30:00+01:00,LIMIT,3326.3565,2025-06-25 05:30:00+01:00,3326.3565,3295.098,3357.615,3326.3565,3295.098,3420.1319999999996,2025-06-25 16:00:00+01:00,3324.765,FORCE_EXIT,-1.5914999999999964,283.32850000000235
2025-06-26,XAUUSD,LONG,2025-06-26 04:30:00+01:00,LIMIT,3327.3450000000003,2025-06-26 13:50:00+01:00,3327.3450000000003,3311.705,3342.985,3327.3450000000003,3311.705,3374.2650000000012,2025-06-26 14:35:00+01:00,3311.705,STOP,-15.640000000000327,267.688500000002
2025-06-30,XAUUSD,SHORT,2025-06-30 04:30:00+01:00,MARKET,3278.675,2025-06-30 04:30:00+01:00,3278.675,3244.925,3283.098,3264.0115,3283.098,3265.406000000001,2025-06-30 05:50:00+01:00,3283.098,STOP,-4.4229999999997744,263.26550000000225
2025-07-01,XAUUSD,SHORT,2025-07-01 04:30:00+01:00,MARKET,3320.948,2025-07-01 04:30:00+01:00,3320.948,3274.405,3321.848,3298.1265000000003,3321.848,3318.2479999999996,2025-07-01 04:35:00+01:00,3318.2479999999996,TP,2.700000000000273,265.9655000000025
2025-07-02,XAUUSD,LONG,2025-07-02 04:30:00+01:00,LIMIT,3337.8215,2025-07-02 04:45:00+01:00,3337.8215,3317.778,3357.865,3337.8215,3317.778,3397.9520000000007,2025-07-02 16:00:00+01:00,3342.625,FORCE_EXIT,4.8034999999999854,270.7690000000025
2025-07-03,XAUUSD,LONG,2025-07-03 04:30:00+01:00,LIMIT,3346.365,2025-07-03 04:45:00+01:00,3346.365,3327.275,3365.455,3346.365,3327.275,3403.634999999999,2025-07-03 13:35:00+01:00,3327.275,STOP,-19.08999999999969,251.67900000000282
2025-07-04,XAUUSD,SHORT,2025-07-04 04:30:00+01:00,LIMIT,3337.38,2025-07-04 04:40:00+01:00,3337.38,3311.215,3363.545,3337.38,3363.545,3258.885,2025-07-04 16:00:00+01:00,3333.148,FORCE_EXIT,4.231999999999971,255.9110000000028
2025-07-08,XAUUSD,LONG,2025-07-08 04:30:00+01:00,LIMIT,3320.8715,2025-07-08 11:20:00+01:00,3320.8715,3296.195,3345.548,3320.8715,3296.195,3394.9010000000003,2025-07-08 15:40:00+01:00,3296.195,STOP,-24.676500000000033,231.23450000000275
2025-07-09,XAUUSD,LONG,2025-07-09 04:30:00+01:00,MARKET,3291.925,2025-07-09 04:30:00+01:00,3291.925,3284.638,3339.285,3311.9615,3284.638,3313.786000000001,2025-07-09 09:20:00+01:00,3284.638,STOP,-7.287000000000262,223.9475000000025
2025-07-11,XAUUSD,SHORT,2025-07-11 04:30:00+01:00,MARKET,3335.678,2025-07-11 04:30:00+01:00,3335.678,3309.905,3335.975,3322.94,3335.975,3334.787,2025-07-11 04:30:00+01:00,3334.787,TP,0.8910000000000764,224.83850000000257
2025-07-14,XAUUSD,SHORT,2025-07-14 04:30:00+01:00,LIMIT,3363.64,2025-07-14 07:45:00+01:00,3363.64,3353.575,3373.705,3363.64,3373.705,3333.4449999999997,2025-07-14 08:25:00+01:00,3373.705,STOP,-10.065000000000055,214.7735000000025
2025-07-15,XAUUSD,LONG,2025-07-15 04:30:00+01:00,MARKET,3354.305,2025-07-15 04:30:00+01:00,3354.305,3340.755,3374.805,3357.7799999999997,3340.755,3394.954999999999,2025-07-15 14:25:00+01:00,3340.755,STOP,-13.549999999999727,201.2235000000028
2025-07-16,XAUUSD,LONG,2025-07-16 04:30:00+01:00,MARKET,3332.498,2025-07-16 04:30:00+01:00,3332.498,3320.055,3366.148,3343.1014999999998,3320.055,3369.8270000000007,2025-07-16 15:30:00+01:00,3320.055,STOP,-12.443000000000211,188.78050000000258
2025-07-21,XAUUSD,SHORT,2025-07-21 04:30:00+01:00,MARKET,3354.525,2025-07-21 04:30:00+01:00,3354.525,3344.798,3358.355,3351.5765,3358.355,3343.0350000000003,2025-07-21 05:55:00+01:00,3358.355,STOP,-3.8299999999999272,184.95050000000265
2025-07-23,XAUUSD,LONG,2025-07-23 04:30:00+01:00,LIMIT,3410.885,2025-07-23 14:20:00+01:00,3410.885,3383.115,3438.655,3410.885,3383.115,3494.1950000000015,2025-07-23 16:00:00+01:00,3410.305,FORCE_EXIT,-0.580000000000382,184.37050000000227
2025-07-28,XAUUSD,LONG,2025-07-28 04:30:00+01:00,LIMIT,3327.8315000000002,2025-07-28 13:35:00+01:00,3327.8315000000002,3316.938,3338.725,3327.8315000000002,3316.938,3360.5120000000006,2025-07-28 14:45:00+01:00,3316.938,STOP,-10.893500000000131,173.47700000000214
2025-07-29,XAUUSD,LONG,2025-07-29 04:30:00+01:00,MARKET,3314.965,2025-07-29 04:30:00+01:00,3314.965,3301.465,3345.145,3323.3050000000003,3301.465,3355.465,2025-07-29 16:00:00+01:00,3331.145,FORCE_EXIT,16.179999999999836,189.65700000000197
2025-07-30,XAUUSD,SHORT,2025-07-30 04:30:00+01:00,MARKET,3328.165,2025-07-30 04:30:00+01:00,3328.165,3308.815,3333.908,3321.3615,3333.908,3310.936,2025-07-30 13:55:00+01:00,3310.936,TP,17.228999999999814,206.8860000000018
2025-07-31,XAUUSD,SHORT,2025-07-31 04:30:00+01:00,LIMIT,3300.885,2025-07-31 06:55:00+01:00,3300.885,3267.955,3333.815,3300.885,3333.815,3202.0950000000007,2025-07-31 16:00:00+01:00,3293.489,FORCE_EXIT,7.3960000000001855,214.28200000000197
2025-08-01,XAUUSD,LONG,2025-08-01 04:30:00+01:00,MARKET,3292.435,2025-08-01 04:30:00+01:00,3292.435,3281.435,3314.705,3298.0699999999997,3281.435,3325.435,2025-08-01 13:30:00+01:00,3325.435,TP,33.0,247.28200000000197
2025-08-04,XAUUSD,SHORT,2025-08-04 04:30:00+01:00,LIMIT,3356.9165000000003,2025-08-04 04:30:00+01:00,3356.9165000000003,3344.748,3369.085,3356.9165000000003,3369.085,3320.411000000001,2025-08-04 12:50:00+01:00,3369.085,STOP,-12.168499999999767,235.1135000000022
2025-08-05,XAUUSD,LONG,2025-08-05 04:30:00+01:00,LIMIT,3368.3514999999998,2025-08-05 06:15:00+01:00,3368.3514999999998,3351.498,3385.205,3368.3514999999998,3351.498,3418.911999999999,2025-08-05 12:00:00+01:00,3351.498,STOP,-16.853499999999713,218.2600000000025
2025-08-06,XAUUSD,LONG,2025-08-06 04:30:00+01:00,LIMIT,3369.964,2025-08-06 08:20:00+01:00,3369.964,3349.639,3390.289,3369.964,3349.639,3430.9389999999994,2025-08-06 16:00:00+01:00,3378.905,FORCE_EXIT,8.941000000000258,227.20100000000275
2025-08-08,XAUUSD,SHORT,2025-08-08 04:30:00+01:00,LIMIT,3390.0865000000003,2025-08-08 04:30:00+01:00,3390.0865000000003,3371.498,3408.675,3390.0865000000003,3408.675,3334.321000000001,2025-08-08 16:00:00+01:00,3391.265,FORCE_EXIT,-1.1784999999995307,226.02250000000322
2025-08-11,XAUUSD,LONG,2025-08-11 04:30:00+01:00,MARKET,3378.205,2025-08-11 04:30:00+01:00,3378.205,3367.205,3404.798,3386.0015,3367.205,3411.205,2025-08-11 07:25:00+01:00,3367.205,STOP,-11.0,215.02250000000322
2025-08-12,XAUUSD,LONG,2025-08-12 04:30:00+01:00,MARKET,3350.868,2025-08-12 04:30:00+01:00,3350.868,3340.808,3380.029,3360.4184999999998,3340.808,3381.048,2025-08-12 12:20:00+01:00,3340.808,STOP,-10.059999999999945,204.96250000000327
2025-08-14,XAUUSD,SHORT,2025-08-14 04:30:00+01:00,LIMIT,3359.9764999999998,2025-08-14 04:55:00+01:00,3359.9764999999998,3345.398,3374.555,3359.9764999999998,3374.555,3316.2409999999995,2025-08-14 16:00:00+01:00,3337.048,FORCE_EXIT,22.928499999999985,227.89100000000326
2025-08-15,XAUUSD,LONG,2025-08-15 04:30:00+01:00,MARKET,3340.648,2025-08-15 04:30:00+01:00,3340.648,3329.645,3366.248,3347.9465,3329.645,3373.6570000000006,2025-08-15 16:00:00+01:00,3343.615,FORCE_EXIT,2.9669999999996435,230.8580000000029
2025-08-18,XAUUSD,SHORT,2025-08-18 04:30:00+01:00,MARKET,3346.545,2025-08-18 04:30:00+01:00,3346.545,3323.335,3347.375,3335.355,3347.375,3344.0550000000003,2025-08-18 04:30:00+01:00,3347.375,STOP,-0.8299999999999272,230.02800000000298
2025-08-19,XAUUSD,SHORT,2025-08-19 04:30:00+01:00,LIMIT,3342.05,2025-08-19 11:05:00+01:00,3342.05,3325.885,3358.215,3342.05,3358.215,3293.5550000000003,2025-08-19 16:00:00+01:00,3322.625,FORCE_EXIT,19.425000000000182,249.45300000000316
2025-08-20,XAUUSD,LONG,2025-08-20 04:30:00+01:00,MARKET,3317.045,2025-08-20 04:30:00+01:00,3317.045,3311.255,3345.165,3328.21,3311.255,3334.415,2025-08-20 13:05:00+01:00,3334.415,TP,17.36999999999989,266.82300000000305
2025-08-21,XAUUSD,LONG,2025-08-21 04:30:00+01:00,LIMIT,3334.175,2025-08-21 07:25:00+01:00,3334.175,3316.415,3351.935,3334.175,3316.415,3387.455000000001,2025-08-21 16:00:00+01:00,3342.005,FORCE_EXIT,7.829999999999927,274.653000000003
2025-08-22,XAUUSD,SHORT,2025-08-22 04:30:00+01:00,LIMIT,3336.4415,2025-08-22 15:00:00+01:00,3336.4415,3324.948,3347.935,3336.4415,3347.935,3301.961,2025-08-22 15:00:00+01:00,3347.935,STOP,-11.49350000000004,263.15950000000294
2025-08-25,XAUUSD,LONG,2025-08-25 04:30:00+01:00,LIMIT,3365.8215,2025-08-25 04:30:00+01:00,3365.8215,3359.495,3372.148,3365.8215,3359.495,3384.8010000000004,2025-08-25 16:00:00+01:00,3374.185,FORCE_EXIT,8.36349999999993,271.52300000000287
2025-08-26,XAUUSD,LONG,2025-08-26 04:30:00+01:00,LIMIT,3368.8,2025-08-26 08:15:00+01:00,3368.8,3351.175,3386.425,3368.8,3351.175,3421.675,2025-08-26 16:00:00+01:00,3379.935,FORCE_EXIT,11.134999999999764,282.65800000000263
2025-08-27,XAUUSD,SHORT,2025-08-27 04:30:00+01:00,MARKET,3381.915,2025-08-27 04:30:00+01:00,3381.915,3366.985,3394.195,3380.59,3394.195,3345.0749999999994,2025-08-27 16:00:00+01:00,3385.575,FORCE_EXIT,-3.6599999999998545,278.9980000000028
2025-08-28,XAUUSD,SHORT,2025-08-28 04:30:00+01:00,MARKET,3390.305,2025-08-28 04:30:00+01:00,3390.305,3373.665,3399.175,3386.42,3399.175,3363.694999999999,2025-08-28 09:35:00+01:00,3399.175,STOP,-8.870000000000346,270.12800000000243
2025-08-29,XAUUSD,LONG,2025-08-29 04:30:00+01:00,LIMIT,3405.242,2025-08-29 11:50:00+01:00,3405.242,3387.415,3423.069,3405.242,3387.415,3458.723000000001,2025-08-29 16:00:00+01:00,3440.548,FORCE_EXIT,35.305999999999585,305.434000000002
2025-09-01,XAUUSD,SHORT,2025-09-01 04:30:00+01:00,MARKET,3471.455,2025-09-01 04:30:00+01:00,3471.455,3436.548,3485.798,3461.173,3485.798,3428.4260000000004,2025-09-01 07:20:00+01:00,3485.798,STOP,-14.342999999999847,291.09100000000217
2025-09-02,XAUUSD,SHORT,2025-09-02 04:30:00+01:00,MARKET,3493.005,2025-09-02 04:30:00+01:00,3493.005,3465.905,3508.228,3487.0665,3508.228,3447.3360000000002,2025-09-02 15:40:00+01:00,3508.228,STOP,-15.222999999999956,275.8680000000022
2025-09-04,XAUUSD,LONG,2025-09-04 04:30:00+01:00,MARKET,3529.685,2025-09-04 04:30:00+01:00,3529.685,3510.425,3578.175,3544.3,3510.425,3587.4649999999992,2025-09-04 16:00:00+01:00,3546.075,FORCE_EXIT,16.389999999999873,292.2580000000021
2025-09-08,XAUUSD,LONG,2025-09-08 04:30:00+01:00,MARKET,3584.685,2025-09-08 04:30:00+01:00,3584.685,3577.698,3596.815,3587.2565,3577.698,3605.646,2025-09-08 08:15:00+01:00,3605.646,TP,20.96100000000024,313.2190000000023
2025-09-10,XAUUSD,SHORT,2025-09-10 04:30:00+01:00,LIMIT,3646.075,2025-09-10 07:10:00+01:00,3646.075,3618.505,3673.645,3646.075,3673.645,3563.3649999999993,2025-09-10 16:00:00+01:00,3644.935,FORCE_EXIT,1.1399999999998727,314.3590000000022
2025-09-12,XAUUSD,SHORT,2025-09-12 04:30:00+01:00,MARKET,3650.365,2025-09-12 04:30:00+01:00,3650.365,3611.465,3652.135,3631.8,3652.135,3645.0549999999985,2025-09-12 04:55:00+01:00,3652.135,STOP,-1.7700000000004366,312.58900000000176
2025-09-15,XAUUSD,LONG,2025-09-15 04:30:00+01:00,LIMIT,3636.098,2025-09-15 08:00:00+01:00,3636.098,3626.148,3646.048,3636.098,3626.148,3665.9479999999994,2025-09-15 16:00:00+01:00,3664.905,FORCE_EXIT,28.807000000000244,341.396000000002
2025-09-17,XAUUSD,LONG,2025-09-17 04:30:00+01:00,MARKET,3680.885,2025-09-17 04:30:00+01:00,3680.885,3674.208,3702.828,3688.518,3674.208,3700.9160000000006,2025-09-17 07:30:00+01:00,3674.208,STOP,-6.677000000000135,334.71900000000187
2025-09-19,XAUUSD,LONG,2025-09-19 04:30:00+01:00,LIMIT,3650.125,2025-09-19 07:15:00+01:00,3650.125,3627.465,3672.785,3650.125,3627.465,3718.1049999999996,2025-09-19 16:00:00+01:00,3668.525,FORCE_EXIT,18.40000000000009,353.11900000000196
2025-09-22,XAUUSD,LONG,2025-09-22 04:30:00+01:00,LIMIT,3689.9449999999997,2025-09-22 05:35:00+01:00,3689.9449999999997,3683.365,3696.525,3689.9449999999997,3683.365,3709.6849999999995,2025-09-22 07:35:00+01:00,3709.6849999999995,TP,19.73999999999978,372.85900000000174
2025-09-24,XAUUSD,LONG,2025-09-24 04:30:00+01:00,MARKET,3760.695,2025-09-24 04:30:00+01:00,3760.695,3741.535,3790.865,3766.2,3741.535,3818.175000000001,2025-09-24 16:00:00+01:00,3755.348,FORCE_EXIT,-5.347000000000207,367.51200000000154
2025-09-25,XAUUSD,LONG,2025-09-25 04:30:00+01:00,MARKET,3735.555,2025-09-25 04:30:00+01:00,3735.555,3717.348,3778.998,3748.173,3717.348,3790.1759999999995,2025-09-25 16:00:00+01:00,3728.405,FORCE_EXIT,-7.149999999999636,360.3620000000019
2025-09-26,XAUUSD,LONG,2025-09-26 04:30:00+01:00,LIMIT,3741.67,2025-09-26 06:55:00+01:00,3741.67,3721.915,3761.425,3741.67,3721.915,3800.9350000000004,2025-09-26 16:00:00+01:00,3778.248,FORCE_EXIT,36.577999999999975,396.9400000000019
2025-09-29,XAUUSD,SHORT,2025-09-29 04:30:00+01:00,MARKET,3793.245,2025-09-29 04:30:00+01:00,3793.245,3755.898,3799.245,3777.5715,3799.245,3775.245,2025-09-29 05:25:00+01:00,3799.245,STOP,-6.0,390.9400000000019
2025-09-30,XAUUSD,LONG,2025-09-30 04:30:00+01:00,LIMIT,3825.864,2025-09-30 09:20:00+01:00,3825.864,3792.295,3859.433,3825.864,3792.295,3926.571,2025-09-30 16:00:00+01:00,3845.845,FORCE_EXIT,19.980999999999767,410.92100000000164
2025-10-01,XAUUSD,SHORT,2025-10-01 04:30:00+01:00,MARKET,3863.435,2025-10-01 04:30:00+01:00,3863.435,3792.875,3875.295,3834.085,3875.295,3827.8549999999996,2025-10-01 08:50:00+01:00,3875.295,STOP,-11.860000000000127,399.0610000000015
2025-10-02,XAUUSD,SHORT,2025-10-02 04:30:00+01:00,LIMIT,3873.8900000000003,2025-10-02 07:15:00+01:00,3873.8900000000003,3852.635,3895.145,3873.8900000000003,3895.145,3810.1250000000014,2025-10-02 14:30:00+01:00,3895.145,STOP,-21.254999999999654,377.80600000000186
2025-10-03,XAUUSD,LONG,2025-10-03 04:30:00+01:00,MARKET,3839.685,2025-10-03 04:30:00+01:00,3839.685,3819.095,3896.958,3858.0265,3819.095,3901.4550000000004,2025-10-03 16:00:00+01:00,3878.685,FORCE_EXIT,39.0,416.80600000000186
2025-10-06,XAUUSD,SHORT,2025-10-06 04:30:00+01:00,MARKET,3921.685,2025-10-06 04:30:00+01:00,3921.685,3883.248,3926.248,3904.748,3926.248,3907.9959999999996,2025-10-06 04:40:00+01:00,3926.248,STOP,-4.563000000000102,412.24300000000176
2025-10-07,XAUUSD,SHORT,2025-10-07 04:30:00+01:00,MARKET,3963.415,2025-10-07 04:30:00+01:00,3963.415,3921.275,3977.125,3949.2,3977.125,3922.285,2025-10-07 13:50:00+01:00,3977.125,STOP,-13.710000000000036,398.5330000000017
2025-10-08,XAUUSD,SHORT,2025-10-08 04:30:00+01:00,MARKET,4011.105,2025-10-08 04:30:00+01:00,4011.105,3940.685,4014.348,3977.5164999999997,4014.348,4001.376,2025-10-08 04:45:00+01:00,4014.348,STOP,-3.242999999999938,395.2900000000018
2025-10-09,XAUUSD,SHORT,2025-10-09 04:30:00+01:00,LIMIT,4030.0615,2025-10-09 05:10:00+01:00,4030.0615,4001.025,4059.098,4030.0615,4059.098,3942.9519999999993,2025-10-09 16:00:00+01:00,4023.355,FORCE_EXIT,6.706499999999778,401.99650000000156
2025-10-10,XAUUSD,SHORT,2025-10-10 04:30:00+01:00,LIMIT,4000.7765,2025-10-10 10:10:00+01:00,4000.7765,3943.788,4057.765,4000.7765,4057.765,3829.811,2025-10-10 16:00:00+01:00,3996.948,FORCE_EXIT,3.8285000000000764,405.82500000000164
2025-10-14,XAUUSD,LONG,2025-10-14 04:30:00+01:00,LIMIT,4103.62,2025-10-14 07:20:00+01:00,4103.62,4047.935,4159.305,4103.62,4047.935,4270.674999999999,2025-10-14 16:00:00+01:00,4132.185,FORCE_EXIT,28.56500000000051,434.39000000000215
2025-10-17,XAUUSD,LONG,2025-10-17 04:30:00+01:00,LIMIT,4291.15,2025-10-17 12:55:00+01:00,4291.15,4203.175,4379.125,4291.15,4203.175,4555.074999999998,2025-10-17 16:00:00+01:00,4253.485,FORCE_EXIT,-37.664999999999964,396.7250000000022
2025-10-20,XAUUSD,LONG,2025-10-20 04:30:00+01:00,LIMIT,4246.095,2025-10-20 06:50:00+01:00,4246.095,4218.505,4273.685,4246.095,4218.505,4328.865000000001,2025-10-20 15:20:00+01:00,4328.865000000001,TP,82.77000000000044,479.4950000000026
2025-10-21,XAUUSD,SHORT,2025-10-21 04:30:00+01:00,MARKET,4348.915,2025-10-21 04:30:00+01:00,4348.915,4221.005,4381.298,4301.1515,4381.298,4251.7660000000005,2025-10-21 09:10:00+01:00,4251.7660000000005,TP,97.14899999999943,576.644000000002
2025-10-22,XAUUSD,LONG,2025-10-22 04:30:00+01:00,MARKET,4116.925,2025-10-22 04:30:00+01:00,4116.925,4003.298,4350.615,4176.9565,4003.298,4457.806000000001,2025-10-22 16:00:00+01:00,4027.665,FORCE_EXIT,-89.26000000000022,487.38400000000183
2025-10-23,XAUUSD,SHORT,2025-10-23 04:30:00+01:00,MARKET,4095.125,2025-10-23 04:30:00+01:00,4095.125,4010.795,4161.165,4085.98,4161.165,3897.005,2025-10-23 16:00:00+01:00,4149.695,FORCE_EXIT,-54.56999999999971,432.8140000000021
2025-10-24,XAUUSD,LONG,2025-10-24 04:30:00+01:00,MARKET,4116.825,2025-10-24 04:30:00+01:00,4116.825,4079.468,4154.435,4116.9515,4079.468,4228.896,2025-10-24 08:50:00+01:00,4079.468,STOP,-37.35699999999997,395.45700000000215
2025-10-27,XAUUSD,LONG,2025-10-27 04:30:00+00:00,MARKET,4062.415,2025-10-27 04:30:00+00:00,4062.415,4053.505,4113.445,4083.475,4053.505,4089.1449999999995,2025-10-27 08:50:00+00:00,4053.505,STOP,-8.909999999999854,386.5470000000023
2025-10-29,XAUUSD,SHORT,2025-10-29 04:30:00+00:00,MARKET,3953.035,2025-10-29 04:30:00+00:00,3953.035,3886.199,3982.075,3934.1369999999997,3982.075,3865.915,2025-10-29 06:45:00+00:00,3982.075,STOP,-29.039999999999964,357.50700000000234
2025-10-30,XAUUSD,SHORT,2025-10-30 04:30:00+00:00,LIMIT,3972.51,2025-10-30 04:35:00+00:00,3972.51,3915.065,4029.955,3972.51,4029.955,3800.175000000001,2025-10-30 16:00:00+00:00,3997.245,FORCE_EXIT,-24.734999999999673,332.77200000000266
2025-10-31,XAUUSD,SHORT,2025-10-31 04:30:00+00:00,MARKET,4000.655,2025-10-31 04:30:00+00:00,4000.655,3946.958,4045.925,3996.4415,4045.925,3864.8450000000003,2025-10-31 16:00:00+00:00,4005.475,FORCE_EXIT,-4.819999999999709,327.95200000000295
2025-11-04,XAUUSD,LONG,2025-11-04 04:30:00+00:00,MARKET,3991.695,2025-11-04 04:30:00+00:00,3991.695,3975.435,4030.385,4002.91,3975.435,4040.475000000001,2025-11-04 05:40:00+00:00,3975.435,STOP,-16.26000000000022,311.69200000000274
2025-11-05,XAUUSD,SHORT,2025-11-05 04:30:00+00:00,LIMIT,3964.475,2025-11-05 04:30:00+00:00,3964.475,3928.475,4000.475,3964.475,4000.475,3856.475,2025-11-05 16:00:00+00:00,3978.865,FORCE_EXIT,-14.389999999999873,297.30200000000286
2025-11-06,XAUUSD,SHORT,2025-11-06 04:30:00+00:00,MARKET,3986.525,2025-11-06 04:30:00+00:00,3986.525,3955.825,3990.235,3973.0299999999997,3990.235,3975.395,2025-11-06 05:20:00+00:00,3990.235,STOP,-3.7100000000000364,293.5920000000028
2025-11-07,XAUUSD,SHORT,2025-11-07 04:30:00+00:00,MARKET,3996.155,2025-11-07 04:30:00+00:00,3996.155,3965.425,4019.275,3992.3500000000004,4019.275,3926.7950000000005,2025-11-07 16:00:00+00:00,3994.835,FORCE_EXIT,1.3200000000001637,294.912000000003
2025-11-10,XAUUSD,SHORT,2025-11-10 04:30:00+00:00,MARKET,4053.545,2025-11-10 04:30:00+00:00,4053.545,3996.698,4056.635,4026.6665000000003,4056.635,4044.2749999999996,2025-11-10 05:30:00+00:00,4056.635,STOP,-3.0900000000001455,291.82200000000284
2025-11-11,XAUUSD,LONG,2025-11-11 04:30:00+00:00,LIMIT,4099.1849999999995,2025-11-11 15:25:00+00:00,4099.1849999999995,4049.615,4148.755,4099.1849999999995,4049.615,4247.894999999999,2025-11-11 16:00:00+00:00,4110.225,FORCE_EXIT,11.040000000000873,302.8620000000037
2025-11-12,XAUUSD,SHORT,2025-11-12 04:30:00+00:00,LIMIT,4121.695,2025-11-12 07:05:00+00:00,4121.695,4096.845,4146.545,4121.695,4146.545,4047.1449999999986,2025-11-12 15:10:00+00:00,4146.545,STOP,-24.850000000000364,278.01200000000335
2025-11-13,XAUUSD,SHORT,2025-11-13 04:30:00+00:00,MARKET,4209.415,2025-11-13 04:30:00+00:00,4209.415,4098.665,4219.125,4158.895,4219.125,4180.285,2025-11-13 07:55:00+00:00,4219.125,STOP,-9.710000000000036,268.3020000000033
2025-11-14,XAUUSD,SHORT,2025-11-14 04:30:00+00:00,MARKET,4197.365,2025-11-14 04:30:00+00:00,4197.365,4144.965,4244.925,4194.945,4244.925,4054.6849999999986,2025-11-14 13:25:00+00:00,4054.6849999999986,TP,142.6800000000012,410.9820000000045
2025-11-17,XAUUSD,LONG,2025-11-17 04:30:00+00:00,MARKET,4083.055,2025-11-17 04:30:00+00:00,4083.055,4069.575,4106.295,4087.935,4069.575,4123.495,2025-11-17 05:15:00+00:00,4069.575,STOP,-13.480000000000018,397.5020000000045
2025-11-18,XAUUSD,SHORT,2025-11-18 04:30:00+00:00,LIMIT,4050.0519999999997,2025-11-18 10:45:00+00:00,4050.0519999999997,4004.419,4095.685,4050.0519999999997,4095.685,3913.152999999999,2025-11-18 16:00:00+00:00,4043.955,FORCE_EXIT,6.096999999999753,403.59900000000425
2025-11-20,XAUUSD,LONG,2025-11-20 04:30:00+00:00,MARKET,4077.945,2025-11-20 04:30:00+00:00,4077.945,4039.998,4132.675,4086.3365000000003,4039.998,4191.786,2025-11-20 08:20:00+00:00,4039.998,STOP,-37.947000000000116,365.65200000000414
2025-11-21,XAUUSD,SHORT,2025-11-21 04:30:00+00:00,LIMIT,4072.83,2025-11-21 13:45:00+00:00,4072.83,4038.605,4107.055,4072.83,4107.055,3970.154999999999,2025-11-21 16:00:00+00:00,4067.525,FORCE_EXIT,5.304999999999836,370.957000000004
2025-11-24,XAUUSD,SHORT,2025-11-24 04:30:00+00:00,LIMIT,4058.83,2025-11-24 07:30:00+00:00,4058.83,4040.375,4077.285,4058.83,4077.285,4003.465,2025-11-24 12:40:00+00:00,4077.285,STOP,-18.454999999999927,352.50200000000405
2025-11-26,XAUUSD,LONG,2025-11-26 04:30:00+00:00,LIMIT,4139.335,2025-11-26 15:00:00+00:00,4139.335,4109.415,4169.255,4139.335,4109.415,4229.095,2025-11-26 16:00:00+00:00,4163.815,FORCE_EXIT,24.479999999999563,376.9820000000036
2025-11-27,XAUUSD,SHORT,2025-11-27 04:30:00+00:00,LIMIT,4154.41,2025-11-27 04:40:00+00:00,4154.41,4135.675,4173.145,4154.41,4173.145,4098.204999999998,2025-11-27 16:00:00+00:00,4156.255,FORCE_EXIT,-1.8450000000002547,375.13700000000335
2025-11-28,XAUUSD,LONG,2025-11-28 04:30:00+00:00,LIMIT,4168.72,2025-11-28 08:00:00+00:00,4168.72,4144.425,4193.015,4168.72,4144.425,4241.6050000000005,2025-11-28 16:00:00+00:00,4202.595,FORCE_EXIT,33.875,409.01200000000335
2025-12-01,XAUUSD,SHORT,2025-12-01 04:30:00+00:00,MARKET,4239.515,2025-12-01 04:30:00+00:00,4239.515,4204.348,4256.245,4230.2965,4256.245,4189.325000000002,2025-12-01 10:00:00+00:00,4256.245,STOP,-16.729999999999563,392.2820000000038
2025-12-03,XAUUSD,LONG,2025-12-03 04:30:00+00:00,LIMIT,4196.9115,2025-12-03 10:10:00+00:00,4196.9115,4163.458,4230.365,4196.9115,4163.458,4297.272000000002,2025-12-03 16:00:00+00:00,4220.615,FORCE_EXIT,23.70349999999962,415.9855000000034
2025-12-05,XAUUSD,SHORT,2025-12-05 04:30:00+00:00,MARKET,4212.215,2025-12-05 04:30:00+00:00,4212.215,4175.005,4219.255,4197.13,4219.255,4191.095,2025-12-05 05:25:00+00:00,4219.255,STOP,-7.039999999999964,408.94550000000345
2025-12-08,XAUUSD,SHORT,2025-12-08 04:30:00+00:00,MARKET,4209.415,2025-12-08 04:30:00+00:00,4209.415,4193.385,4212.915,4203.15,4212.915,4198.915,2025-12-08 04:30:00+00:00,4212.915,STOP,-3.5,405.44550000000345
2025-12-09,XAUUSD,LONG,2025-12-09 04:30:00+00:00,MARKET,4193.475,2025-12-09 04:30:00+00:00,4193.475,4175.998,4218.755,4197.3765,4175.998,4245.906000000003,2025-12-09 06:05:00+00:00,4175.998,STOP,-17.47700000000077,387.9685000000027
2025-12-10,XAUUSD,SHORT,2025-12-10 04:30:00+00:00,MARKET,4206.535,2025-12-10 04:30:00+00:00,4206.535,4169.845,4221.345,4195.595,4221.345,4162.104999999999,2025-12-10 16:00:00+00:00,4193.505,FORCE_EXIT,13.029999999999745,400.9985000000024
2025-12-11,XAUUSD,LONG,2025-12-11 04:30:00+00:00,MARKET,4212.635,2025-12-11 04:30:00+00:00,4212.635,4181.565,4247.465,4214.514999999999,4181.565,4305.845000000002,2025-12-11 16:00:00+00:00,4255.875,FORCE_EXIT,43.23999999999978,444.2385000000022
2025-12-15,XAUUSD,SHORT,2025-12-15 04:30:00+00:00,MARKET,4327.585,2025-12-15 04:30:00+00:00,4327.585,4293.798,4329.835,4311.8165,4329.835,4320.835,2025-12-15 05:25:00+00:00,4329.835,STOP,-2.25,441.9885000000022
2025-12-16,XAUUSD,LONG,2025-12-16 04:30:00+00:00,MARKET,4288.065,2025-12-16 04:30:00+00:00,4288.065,4280.385,4349.995,4315.1900000000005,4280.385,4311.104999999998,2025-12-16 05:25:00+00:00,4280.385,STOP,-7.6799999999993815,434.3085000000028
2025-12-18,XAUUSD,SHORT,2025-12-18 04:30:00+00:00,MARKET,4330.225,2025-12-18 04:30:00+00:00,4330.225,4306.305,4348.675,4327.49,4348.675,4274.875000000001,2025-12-18 16:00:00+00:00,4343.175,FORCE_EXIT,-12.949999999999818,421.358500000003
2025-12-19,XAUUSD,LONG,2025-12-19 04:30:00+00:00,MARKET,4317.155,2025-12-19 04:30:00+00:00,4317.155,4308.285,4374.395,4341.34,4308.285,4343.764999999999,2025-12-19 15:05:00+00:00,4343.764999999999,TP,26.609999999999673,447.9685000000027
2025-12-23,XAUUSD,SHORT,2025-12-23 04:30:00+00:00,MARKET,4486.195,2025-12-23 04:30:00+00:00,4486.195,4393.725,4497.345,4445.535,4497.345,4452.744999999998,2025-12-23 14:30:00+00:00,4452.744999999998,TP,33.45000000000164,481.4185000000043
2025-12-24,XAUUSD,SHORT,2025-12-24 04:30:00+00:00,MARKET,4496.795,2025-12-24 04:30:00+00:00,4496.795,4429.975,4525.765,4477.870000000001,4525.765,4409.884999999999,2025-12-24 16:00:00+00:00,4467.685,FORCE_EXIT,29.109999999999673,510.528500000004
2025-12-26,XAUUSD,LONG,2025-12-26 04:30:00+00:00,LIMIT,4504.6215,2025-12-26 11:10:00+00:00,4504.6215,4478.268,4530.975,4504.6215,4478.268,4583.682000000001,2025-12-26 16:00:00+00:00,4548.365,FORCE_EXIT,43.743499999999585,554.2720000000036
